seed,variant,arm,attempts,failures,accepted
1,0,discovery,8,5,true
1,1,control,5,2,true
1,1,memory,3,0,true
1,1,memory-ablated,5,2,true
1,2,memory,3,0,true
1,2,control,4,1,true
1,2,memory-ablated,4,1,true
1,3,control,6,3,true
1,3,memory,3,0,true
1,3,memory-ablated,6,3,true
1,4,memory,3,0,true
1,4,control,5,2,true
1,4,memory-ablated,5,2,true
1,5,control,8,5,true
1,5,memory,3,0,true
1,5,memory-ablated,8,5,true
1,6,memory,3,0,true
1,6,control,7,4,true
1,6,memory-ablated,7,4,true
2,0,discovery,5,2,true
2,1,control,6,3,true
2,1,memory,3,0,true
2,1,memory-ablated,6,3,true
2,2,memory,3,0,true
2,2,control,6,3,true
2,2,memory-ablated,6,3,true
2,3,control,5,2,true
2,3,memory,3,0,true
2,3,memory-ablated,5,2,true
2,4,memory,3,0,true
2,4,control,7,4,true
2,4,memory-ablated,7,4,true
2,5,control,7,4,true
2,5,memory,3,0,true
2,5,memory-ablated,7,4,true
2,6,memory,3,0,true
2,6,control,9,6,true
2,6,memory-ablated,9,6,true
3,0,discovery,6,3,true
3,1,control,6,3,true
3,1,memory,3,0,true
3,1,memory-ablated,6,3,true
3,2,memory,3,0,true
3,2,control,6,3,true
3,2,memory-ablated,6,3,true
3,3,control,6,3,true
3,3,memory,3,0,true
3,3,memory-ablated,6,3,true
3,4,memory,3,0,true
3,4,control,7,4,true
3,4,memory-ablated,7,4,true
3,5,control,7,4,true
3,5,memory,3,0,true
3,5,memory-ablated,7,4,true
3,6,memory,3,0,true
3,6,control,6,3,true
3,6,memory-ablated,6,3,true
4,0,discovery,6,3,true
4,1,control,6,3,true
4,1,memory,3,0,true
4,1,memory-ablated,6,3,true
4,2,memory,3,0,true
4,2,control,7,4,true
4,2,memory-ablated,7,4,true
4,3,control,8,5,true
4,3,memory,3,0,true
4,3,memory-ablated,8,5,true
4,4,memory,3,0,true
4,4,control,8,5,true
4,4,memory-ablated,8,5,true
4,5,control,8,5,true
4,5,memory,3,0,true
4,5,memory-ablated,8,5,true
4,6,memory,3,0,true
4,6,control,5,2,true
4,6,memory-ablated,5,2,true
5,0,discovery,5,2,true
5,1,control,6,3,true
5,1,memory,3,0,true
5,1,memory-ablated,6,3,true
5,2,memory,3,0,true
5,2,control,5,2,true
5,2,memory-ablated,5,2,true
5,3,control,8,5,true
5,3,memory,3,0,true
5,3,memory-ablated,8,5,true
5,4,memory,3,0,true
5,4,control,7,4,true
5,4,memory-ablated,7,4,true
5,5,control,6,3,true
5,5,memory,3,0,true
5,5,memory-ablated,6,3,true
5,6,memory,3,0,true
5,6,control,5,2,true
5,6,memory-ablated,5,2,true
6,0,discovery,7,4,true
6,1,control,7,4,true
6,1,memory,3,0,true
6,1,memory-ablated,7,4,true
6,2,memory,3,0,true
6,2,control,8,5,true
6,2,memory-ablated,8,5,true
6,3,control,6,3,true
6,3,memory,3,0,true
6,3,memory-ablated,6,3,true
6,4,memory,3,0,true
6,4,control,6,3,true
6,4,memory-ablated,6,3,true
6,5,control,6,3,true
6,5,memory,3,0,true
6,5,memory-ablated,6,3,true
6,6,memory,3,0,true
6,6,control,6,3,true
6,6,memory-ablated,6,3,true
7,0,discovery,6,3,true
7,1,control,9,6,true
7,1,memory,3,0,true
7,1,memory-ablated,9,6,true
7,2,memory,3,0,true
7,2,control,6,3,true
7,2,memory-ablated,6,3,true
7,3,control,7,4,true
7,3,memory,3,0,true
7,3,memory-ablated,7,4,true
7,4,memory,3,0,true
7,4,control,4,1,true
7,4,memory-ablated,4,1,true
7,5,control,6,3,true
7,5,memory,3,0,true
7,5,memory-ablated,6,3,true
7,6,memory,3,0,true
7,6,control,5,2,true
7,6,memory-ablated,5,2,true
8,0,discovery,9,6,true
8,1,control,7,4,true
8,1,memory,3,0,true
8,1,memory-ablated,7,4,true
8,2,memory,3,0,true
8,2,control,8,5,true
8,2,memory-ablated,8,5,true
8,3,control,4,1,true
8,3,memory,3,0,true
8,3,memory-ablated,4,1,true
8,4,memory,3,0,true
8,4,control,8,5,true
8,4,memory-ablated,8,5,true
8,5,control,5,2,true
8,5,memory,3,0,true
8,5,memory-ablated,5,2,true
8,6,memory,3,0,true
8,6,control,6,3,true
8,6,memory-ablated,6,3,true
9,0,discovery,5,2,true
9,1,control,5,2,true
9,1,memory,3,0,true
9,1,memory-ablated,5,2,true
9,2,memory,3,0,true
9,2,control,4,1,true
9,2,memory-ablated,4,1,true
9,3,control,7,4,true
9,3,memory,3,0,true
9,3,memory-ablated,7,4,true
9,4,memory,3,0,true
9,4,control,4,1,true
9,4,memory-ablated,4,1,true
9,5,control,8,5,true
9,5,memory,3,0,true
9,5,memory-ablated,8,5,true
9,6,memory,3,0,true
9,6,control,6,3,true
9,6,memory-ablated,6,3,true
10,0,discovery,5,2,true
10,1,control,6,3,true
10,1,memory,3,0,true
10,1,memory-ablated,6,3,true
10,2,memory,3,0,true
10,2,control,6,3,true
10,2,memory-ablated,6,3,true
10,3,control,5,2,true
10,3,memory,3,0,true
10,3,memory-ablated,5,2,true
10,4,memory,3,0,true
10,4,control,7,4,true
10,4,memory-ablated,7,4,true
10,5,control,6,3,true
10,5,memory,3,0,true
10,5,memory-ablated,6,3,true
10,6,memory,3,0,true
10,6,control,7,4,true
10,6,memory-ablated,7,4,true
11,0,discovery,7,4,true
11,1,control,5,2,true
11,1,memory,3,0,true
11,1,memory-ablated,5,2,true
11,2,memory,3,0,true
11,2,control,6,3,true
11,2,memory-ablated,6,3,true
11,3,control,6,3,true
11,3,memory,3,0,true
11,3,memory-ablated,6,3,true
11,4,memory,3,0,true
11,4,control,6,3,true
11,4,memory-ablated,6,3,true
11,5,control,6,3,true
11,5,memory,3,0,true
11,5,memory-ablated,6,3,true
11,6,memory,3,0,true
11,6,control,7,4,true
11,6,memory-ablated,7,4,true
12,0,discovery,4,1,true
12,1,control,5,2,true
12,1,memory,3,0,true
12,1,memory-ablated,5,2,true
12,2,memory,3,0,true
12,2,control,4,1,true
12,2,memory-ablated,4,1,true
12,3,control,7,4,true
12,3,memory,3,0,true
12,3,memory-ablated,7,4,true
12,4,memory,3,0,true
12,4,control,6,3,true
12,4,memory-ablated,6,3,true
12,5,control,5,2,true
12,5,memory,3,0,true
12,5,memory-ablated,5,2,true
12,6,memory,3,0,true
12,6,control,4,1,true
12,6,memory-ablated,4,1,true
13,0,discovery,5,2,true
13,1,control,4,1,true
13,1,memory,3,0,true
13,1,memory-ablated,4,1,true
13,2,memory,3,0,true
13,2,control,8,5,true
13,2,memory-ablated,8,5,true
13,3,control,7,4,true
13,3,memory,3,0,true
13,3,memory-ablated,7,4,true
13,4,memory,3,0,true
13,4,control,8,5,true
13,4,memory-ablated,8,5,true
13,5,control,6,3,true
13,5,memory,3,0,true
13,5,memory-ablated,6,3,true
13,6,memory,3,0,true
13,6,control,6,3,true
13,6,memory-ablated,6,3,true
14,0,discovery,4,1,true
14,1,control,6,3,true
14,1,memory,3,0,true
14,1,memory-ablated,6,3,true
14,2,memory,3,0,true
14,2,control,5,2,true
14,2,memory-ablated,5,2,true
14,3,control,6,3,true
14,3,memory,3,0,true
14,3,memory-ablated,6,3,true
14,4,memory,3,0,true
14,4,control,4,1,true
14,4,memory-ablated,4,1,true
14,5,control,6,3,true
14,5,memory,3,0,true
14,5,memory-ablated,6,3,true
14,6,memory,3,0,true
14,6,control,3,0,true
14,6,memory-ablated,3,0,true
15,0,discovery,6,3,true
15,1,control,8,5,true
15,1,memory,3,0,true
15,1,memory-ablated,8,5,true
15,2,memory,3,0,true
15,2,control,5,2,true
15,2,memory-ablated,5,2,true
15,3,control,6,3,true
15,3,memory,3,0,true
15,3,memory-ablated,6,3,true
15,4,memory,3,0,true
15,4,control,6,3,true
15,4,memory-ablated,6,3,true
15,5,control,6,3,true
15,5,memory,3,0,true
15,5,memory-ablated,6,3,true
15,6,memory,3,0,true
15,6,control,7,4,true
15,6,memory-ablated,7,4,true
16,0,discovery,7,4,true
16,1,control,7,4,true
16,1,memory,3,0,true
16,1,memory-ablated,7,4,true
16,2,memory,3,0,true
16,2,control,6,3,true
16,2,memory-ablated,6,3,true
16,3,control,5,2,true
16,3,memory,3,0,true
16,3,memory-ablated,5,2,true
16,4,memory,3,0,true
16,4,control,4,1,true
16,4,memory-ablated,4,1,true
16,5,control,5,2,true
16,5,memory,3,0,true
16,5,memory-ablated,5,2,true
16,6,memory,3,0,true
16,6,control,4,1,true
16,6,memory-ablated,4,1,true
17,0,discovery,6,3,true
17,1,control,6,3,true
17,1,memory,3,0,true
17,1,memory-ablated,6,3,true
17,2,memory,3,0,true
17,2,control,7,4,true
17,2,memory-ablated,7,4,true
17,3,control,6,3,true
17,3,memory,3,0,true
17,3,memory-ablated,6,3,true
17,4,memory,3,0,true
17,4,control,6,3,true
17,4,memory-ablated,6,3,true
17,5,control,6,3,true
17,5,memory,3,0,true
17,5,memory-ablated,6,3,true
17,6,memory,3,0,true
17,6,control,8,5,true
17,6,memory-ablated,8,5,true
18,0,discovery,5,2,true
18,1,control,7,4,true
18,1,memory,3,0,true
18,1,memory-ablated,7,4,true
18,2,memory,3,0,true
18,2,control,6,3,true
18,2,memory-ablated,6,3,true
18,3,control,6,3,true
18,3,memory,3,0,true
18,3,memory-ablated,6,3,true
18,4,memory,3,0,true
18,4,control,5,2,true
18,4,memory-ablated,5,2,true
18,5,control,7,4,true
18,5,memory,3,0,true
18,5,memory-ablated,7,4,true
18,6,memory,3,0,true
18,6,control,7,4,true
18,6,memory-ablated,7,4,true
19,0,discovery,7,4,true
19,1,control,3,0,true
19,1,memory,3,0,true
19,1,memory-ablated,3,0,true
19,2,memory,3,0,true
19,2,control,6,3,true
19,2,memory-ablated,6,3,true
19,3,control,6,3,true
19,3,memory,3,0,true
19,3,memory-ablated,6,3,true
19,4,memory,3,0,true
19,4,control,7,4,true
19,4,memory-ablated,7,4,true
19,5,control,7,4,true
19,5,memory,3,0,true
19,5,memory-ablated,7,4,true
19,6,memory,3,0,true
19,6,control,6,3,true
19,6,memory-ablated,6,3,true
20,0,discovery,5,2,true
20,1,control,8,5,true
20,1,memory,3,0,true
20,1,memory-ablated,8,5,true
20,2,memory,3,0,true
20,2,control,6,3,true
20,2,memory-ablated,6,3,true
20,3,control,8,5,true
20,3,memory,3,0,true
20,3,memory-ablated,8,5,true
20,4,memory,3,0,true
20,4,control,7,4,true
20,4,memory-ablated,7,4,true
20,5,control,6,3,true
20,5,memory,3,0,true
20,5,memory-ablated,6,3,true
20,6,memory,3,0,true
20,6,control,7,4,true
20,6,memory-ablated,7,4,true
21,0,discovery,8,5,true
21,1,control,5,2,true
21,1,memory,3,0,true
21,1,memory-ablated,5,2,true
21,2,memory,3,0,true
21,2,control,9,6,true
21,2,memory-ablated,9,6,true
21,3,control,5,2,true
21,3,memory,3,0,true
21,3,memory-ablated,5,2,true
21,4,memory,3,0,true
21,4,control,6,3,true
21,4,memory-ablated,6,3,true
21,5,control,4,1,true
21,5,memory,3,0,true
21,5,memory-ablated,4,1,true
21,6,memory,3,0,true
21,6,control,7,4,true
21,6,memory-ablated,7,4,true
22,0,discovery,7,4,true
22,1,control,9,6,true
22,1,memory,3,0,true
22,1,memory-ablated,9,6,true
22,2,memory,3,0,true
22,2,control,6,3,true
22,2,memory-ablated,6,3,true
22,3,control,7,4,true
22,3,memory,3,0,true
22,3,memory-ablated,7,4,true
22,4,memory,3,0,true
22,4,control,5,2,true
22,4,memory-ablated,5,2,true
22,5,control,8,5,true
22,5,memory,3,0,true
22,5,memory-ablated,8,5,true
22,6,memory,3,0,true
22,6,control,6,3,true
22,6,memory-ablated,6,3,true
23,0,discovery,7,4,true
23,1,control,6,3,true
23,1,memory,3,0,true
23,1,memory-ablated,6,3,true
23,2,memory,3,0,true
23,2,control,7,4,true
23,2,memory-ablated,7,4,true
23,3,control,4,1,true
23,3,memory,3,0,true
23,3,memory-ablated,4,1,true
23,4,memory,3,0,true
23,4,control,7,4,true
23,4,memory-ablated,7,4,true
23,5,control,5,2,true
23,5,memory,3,0,true
23,5,memory-ablated,5,2,true
23,6,memory,3,0,true
23,6,control,7,4,true
23,6,memory-ablated,7,4,true
24,0,discovery,8,5,true
24,1,control,6,3,true
24,1,memory,3,0,true
24,1,memory-ablated,6,3,true
24,2,memory,3,0,true
24,2,control,4,1,true
24,2,memory-ablated,4,1,true
24,3,control,6,3,true
24,3,memory,3,0,true
24,3,memory-ablated,6,3,true
24,4,memory,3,0,true
24,4,control,5,2,true
24,4,memory-ablated,5,2,true
24,5,control,8,5,true
24,5,memory,3,0,true
24,5,memory-ablated,8,5,true
24,6,memory,3,0,true
24,6,control,6,3,true
24,6,memory-ablated,6,3,true
25,0,discovery,3,0,true
25,1,control,5,2,true
25,1,memory,3,0,true
25,1,memory-ablated,5,2,true
25,2,memory,3,0,true
25,2,control,5,2,true
25,2,memory-ablated,5,2,true
25,3,control,4,1,true
25,3,memory,3,0,true
25,3,memory-ablated,4,1,true
25,4,memory,3,0,true
25,4,control,4,1,true
25,4,memory-ablated,4,1,true
25,5,control,4,1,true
25,5,memory,3,0,true
25,5,memory-ablated,4,1,true
25,6,memory,3,0,true
25,6,control,7,4,true
25,6,memory-ablated,7,4,true
26,0,discovery,7,4,true
26,1,control,4,1,true
26,1,memory,3,0,true
26,1,memory-ablated,4,1,true
26,2,memory,3,0,true
26,2,control,7,4,true
26,2,memory-ablated,7,4,true
26,3,control,5,2,true
26,3,memory,3,0,true
26,3,memory-ablated,5,2,true
26,4,memory,3,0,true
26,4,control,8,5,true
26,4,memory-ablated,8,5,true
26,5,control,6,3,true
26,5,memory,3,0,true
26,5,memory-ablated,6,3,true
26,6,memory,3,0,true
26,6,control,7,4,true
26,6,memory-ablated,7,4,true
27,0,discovery,4,1,true
27,1,control,5,2,true
27,1,memory,3,0,true
27,1,memory-ablated,5,2,true
27,2,memory,3,0,true
27,2,control,6,3,true
27,2,memory-ablated,6,3,true
27,3,control,8,5,true
27,3,memory,3,0,true
27,3,memory-ablated,8,5,true
27,4,memory,3,0,true
27,4,control,7,4,true
27,4,memory-ablated,7,4,true
27,5,control,8,5,true
27,5,memory,3,0,true
27,5,memory-ablated,8,5,true
27,6,memory,3,0,true
27,6,control,4,1,true
27,6,memory-ablated,4,1,true
28,0,discovery,5,2,true
28,1,control,4,1,true
28,1,memory,3,0,true
28,1,memory-ablated,4,1,true
28,2,memory,3,0,true
28,2,control,5,2,true
28,2,memory-ablated,5,2,true
28,3,control,6,3,true
28,3,memory,3,0,true
28,3,memory-ablated,6,3,true
28,4,memory,3,0,true
28,4,control,7,4,true
28,4,memory-ablated,7,4,true
28,5,control,4,1,true
28,5,memory,3,0,true
28,5,memory-ablated,4,1,true
28,6,memory,3,0,true
28,6,control,5,2,true
28,6,memory-ablated,5,2,true
29,0,discovery,6,3,true
29,1,control,7,4,true
29,1,memory,3,0,true
29,1,memory-ablated,7,4,true
29,2,memory,3,0,true
29,2,control,7,4,true
29,2,memory-ablated,7,4,true
29,3,control,6,3,true
29,3,memory,3,0,true
29,3,memory-ablated,6,3,true
29,4,memory,3,0,true
29,4,control,5,2,true
29,4,memory-ablated,5,2,true
29,5,control,7,4,true
29,5,memory,3,0,true
29,5,memory-ablated,7,4,true
29,6,memory,3,0,true
29,6,control,5,2,true
29,6,memory-ablated,5,2,true
30,0,discovery,8,5,true
30,1,control,7,4,true
30,1,memory,3,0,true
30,1,memory-ablated,7,4,true
30,2,memory,3,0,true
30,2,control,7,4,true
30,2,memory-ablated,7,4,true
30,3,control,5,2,true
30,3,memory,3,0,true
30,3,memory-ablated,5,2,true
30,4,memory,3,0,true
30,4,control,6,3,true
30,4,memory-ablated,6,3,true
30,5,control,3,0,true
30,5,memory,3,0,true
30,5,memory-ablated,3,0,true
30,6,memory,3,0,true
30,6,control,7,4,true
30,6,memory-ablated,7,4,true
31,0,discovery,8,5,true
31,1,control,8,5,true
31,1,memory,3,0,true
31,1,memory-ablated,8,5,true
31,2,memory,3,0,true
31,2,control,7,4,true
31,2,memory-ablated,7,4,true
31,3,control,5,2,true
31,3,memory,3,0,true
31,3,memory-ablated,5,2,true
31,4,memory,3,0,true
31,4,control,6,3,true
31,4,memory-ablated,6,3,true
31,5,control,6,3,true
31,5,memory,3,0,true
31,5,memory-ablated,6,3,true
31,6,memory,3,0,true
31,6,control,5,2,true
31,6,memory-ablated,5,2,true
32,0,discovery,8,5,true
32,1,control,4,1,true
32,1,memory,3,0,true
32,1,memory-ablated,4,1,true
32,2,memory,3,0,true
32,2,control,6,3,true
32,2,memory-ablated,6,3,true
32,3,control,5,2,true
32,3,memory,3,0,true
32,3,memory-ablated,5,2,true
32,4,memory,3,0,true
32,4,control,5,2,true
32,4,memory-ablated,5,2,true
32,5,control,6,3,true
32,5,memory,3,0,true
32,5,memory-ablated,6,3,true
32,6,memory,3,0,true
32,6,control,8,5,true
32,6,memory-ablated,8,5,true
33,0,discovery,4,1,true
33,1,control,7,4,true
33,1,memory,3,0,true
33,1,memory-ablated,7,4,true
33,2,memory,3,0,true
33,2,control,4,1,true
33,2,memory-ablated,4,1,true
33,3,control,6,3,true
33,3,memory,3,0,true
33,3,memory-ablated,6,3,true
33,4,memory,3,0,true
33,4,control,6,3,true
33,4,memory-ablated,6,3,true
33,5,control,8,5,true
33,5,memory,3,0,true
33,5,memory-ablated,8,5,true
33,6,memory,3,0,true
33,6,control,8,5,true
33,6,memory-ablated,8,5,true
34,0,discovery,8,5,true
34,1,control,4,1,true
34,1,memory,3,0,true
34,1,memory-ablated,4,1,true
34,2,memory,3,0,true
34,2,control,7,4,true
34,2,memory-ablated,7,4,true
34,3,control,4,1,true
34,3,memory,3,0,true
34,3,memory-ablated,4,1,true
34,4,memory,3,0,true
34,4,control,7,4,true
34,4,memory-ablated,7,4,true
34,5,control,5,2,true
34,5,memory,3,0,true
34,5,memory-ablated,5,2,true
34,6,memory,3,0,true
34,6,control,8,5,true
34,6,memory-ablated,8,5,true
35,0,discovery,4,1,true
35,1,control,7,4,true
35,1,memory,3,0,true
35,1,memory-ablated,7,4,true
35,2,memory,3,0,true
35,2,control,5,2,true
35,2,memory-ablated,5,2,true
35,3,control,9,6,true
35,3,memory,3,0,true
35,3,memory-ablated,9,6,true
35,4,memory,3,0,true
35,4,control,7,4,true
35,4,memory-ablated,7,4,true
35,5,control,8,5,true
35,5,memory,3,0,true
35,5,memory-ablated,8,5,true
35,6,memory,3,0,true
35,6,control,5,2,true
35,6,memory-ablated,5,2,true
36,0,discovery,6,3,true
36,1,control,4,1,true
36,1,memory,3,0,true
36,1,memory-ablated,4,1,true
36,2,memory,3,0,true
36,2,control,9,6,true
36,2,memory-ablated,9,6,true
36,3,control,7,4,true
36,3,memory,3,0,true
36,3,memory-ablated,7,4,true
36,4,memory,3,0,true
36,4,control,9,6,true
36,4,memory-ablated,9,6,true
36,5,control,5,2,true
36,5,memory,3,0,true
36,5,memory-ablated,5,2,true
36,6,memory,3,0,true
36,6,control,7,4,true
36,6,memory-ablated,7,4,true
37,0,discovery,4,1,true
37,1,control,8,5,true
37,1,memory,3,0,true
37,1,memory-ablated,8,5,true
37,2,memory,3,0,true
37,2,control,5,2,true
37,2,memory-ablated,5,2,true
37,3,control,9,6,true
37,3,memory,3,0,true
37,3,memory-ablated,9,6,true
37,4,memory,3,0,true
37,4,control,4,1,true
37,4,memory-ablated,4,1,true
37,5,control,8,5,true
37,5,memory,3,0,true
37,5,memory-ablated,8,5,true
37,6,memory,3,0,true
37,6,control,3,0,true
37,6,memory-ablated,3,0,true
38,0,discovery,7,4,true
38,1,control,8,5,true
38,1,memory,3,0,true
38,1,memory-ablated,8,5,true
38,2,memory,3,0,true
38,2,control,8,5,true
38,2,memory-ablated,8,5,true
38,3,control,6,3,true
38,3,memory,3,0,true
38,3,memory-ablated,6,3,true
38,4,memory,3,0,true
38,4,control,6,3,true
38,4,memory-ablated,6,3,true
38,5,control,6,3,true
38,5,memory,3,0,true
38,5,memory-ablated,6,3,true
38,6,memory,3,0,true
38,6,control,6,3,true
38,6,memory-ablated,6,3,true
39,0,discovery,7,4,true
39,1,control,5,2,true
39,1,memory,3,0,true
39,1,memory-ablated,5,2,true
39,2,memory,3,0,true
39,2,control,6,3,true
39,2,memory-ablated,6,3,true
39,3,control,3,0,true
39,3,memory,3,0,true
39,3,memory-ablated,3,0,true
39,4,memory,3,0,true
39,4,control,4,1,true
39,4,memory-ablated,4,1,true
39,5,control,3,0,true
39,5,memory,3,0,true
39,5,memory-ablated,3,0,true
39,6,memory,3,0,true
39,6,control,4,1,true
39,6,memory-ablated,4,1,true
40,0,discovery,5,2,true
40,1,control,6,3,true
40,1,memory,3,0,true
40,1,memory-ablated,6,3,true
40,2,memory,3,0,true
40,2,control,6,3,true
40,2,memory-ablated,6,3,true
40,3,control,6,3,true
40,3,memory,3,0,true
40,3,memory-ablated,6,3,true
40,4,memory,3,0,true
40,4,control,5,2,true
40,4,memory-ablated,5,2,true
40,5,control,6,3,true
40,5,memory,3,0,true
40,5,memory-ablated,6,3,true
40,6,memory,3,0,true
40,6,control,7,4,true
40,6,memory-ablated,7,4,true
41,0,discovery,5,2,true
41,1,control,5,2,true
41,1,memory,3,0,true
41,1,memory-ablated,5,2,true
41,2,memory,3,0,true
41,2,control,6,3,true
41,2,memory-ablated,6,3,true
41,3,control,3,0,true
41,3,memory,3,0,true
41,3,memory-ablated,3,0,true
41,4,memory,3,0,true
41,4,control,5,2,true
41,4,memory-ablated,5,2,true
41,5,control,5,2,true
41,5,memory,3,0,true
41,5,memory-ablated,5,2,true
41,6,memory,3,0,true
41,6,control,7,4,true
41,6,memory-ablated,7,4,true
42,0,discovery,6,3,true
42,1,control,5,2,true
42,1,memory,3,0,true
42,1,memory-ablated,5,2,true
42,2,memory,3,0,true
42,2,control,5,2,true
42,2,memory-ablated,5,2,true
42,3,control,5,2,true
42,3,memory,3,0,true
42,3,memory-ablated,5,2,true
42,4,memory,3,0,true
42,4,control,6,3,true
42,4,memory-ablated,6,3,true
42,5,control,8,5,true
42,5,memory,3,0,true
42,5,memory-ablated,8,5,true
42,6,memory,3,0,true
42,6,control,7,4,true
42,6,memory-ablated,7,4,true
43,0,discovery,4,1,true
43,1,control,6,3,true
43,1,memory,3,0,true
43,1,memory-ablated,6,3,true
43,2,memory,3,0,true
43,2,control,4,1,true
43,2,memory-ablated,4,1,true
43,3,control,6,3,true
43,3,memory,3,0,true
43,3,memory-ablated,6,3,true
43,4,memory,3,0,true
43,4,control,8,5,true
43,4,memory-ablated,8,5,true
43,5,control,5,2,true
43,5,memory,3,0,true
43,5,memory-ablated,5,2,true
43,6,memory,3,0,true
43,6,control,8,5,true
43,6,memory-ablated,8,5,true
44,0,discovery,6,3,true
44,1,control,5,2,true
44,1,memory,3,0,true
44,1,memory-ablated,5,2,true
44,2,memory,3,0,true
44,2,control,7,4,true
44,2,memory-ablated,7,4,true
44,3,control,7,4,true
44,3,memory,3,0,true
44,3,memory-ablated,7,4,true
44,4,memory,3,0,true
44,4,control,6,3,true
44,4,memory-ablated,6,3,true
44,5,control,6,3,true
44,5,memory,3,0,true
44,5,memory-ablated,6,3,true
44,6,memory,3,0,true
44,6,control,4,1,true
44,6,memory-ablated,4,1,true
45,0,discovery,8,5,true
45,1,control,8,5,true
45,1,memory,3,0,true
45,1,memory-ablated,8,5,true
45,2,memory,3,0,true
45,2,control,7,4,true
45,2,memory-ablated,7,4,true
45,3,control,6,3,true
45,3,memory,3,0,true
45,3,memory-ablated,6,3,true
45,4,memory,3,0,true
45,4,control,6,3,true
45,4,memory-ablated,6,3,true
45,5,control,7,4,true
45,5,memory,3,0,true
45,5,memory-ablated,7,4,true
45,6,memory,3,0,true
45,6,control,6,3,true
45,6,memory-ablated,6,3,true
46,0,discovery,5,2,true
46,1,control,8,5,true
46,1,memory,3,0,true
46,1,memory-ablated,8,5,true
46,2,memory,3,0,true
46,2,control,5,2,true
46,2,memory-ablated,5,2,true
46,3,control,6,3,true
46,3,memory,3,0,true
46,3,memory-ablated,6,3,true
46,4,memory,3,0,true
46,4,control,5,2,true
46,4,memory-ablated,5,2,true
46,5,control,7,4,true
46,5,memory,3,0,true
46,5,memory-ablated,7,4,true
46,6,memory,3,0,true
46,6,control,5,2,true
46,6,memory-ablated,5,2,true
47,0,discovery,9,6,true
47,1,control,5,2,true
47,1,memory,3,0,true
47,1,memory-ablated,5,2,true
47,2,memory,3,0,true
47,2,control,5,2,true
47,2,memory-ablated,5,2,true
47,3,control,5,2,true
47,3,memory,3,0,true
47,3,memory-ablated,5,2,true
47,4,memory,3,0,true
47,4,control,6,3,true
47,4,memory-ablated,6,3,true
47,5,control,7,4,true
47,5,memory,3,0,true
47,5,memory-ablated,7,4,true
47,6,memory,3,0,true
47,6,control,7,4,true
47,6,memory-ablated,7,4,true
48,0,discovery,3,0,true
48,1,control,7,4,true
48,1,memory,3,0,true
48,1,memory-ablated,7,4,true
48,2,memory,3,0,true
48,2,control,5,2,true
48,2,memory-ablated,5,2,true
48,3,control,6,3,true
48,3,memory,3,0,true
48,3,memory-ablated,6,3,true
48,4,memory,3,0,true
48,4,control,4,1,true
48,4,memory-ablated,4,1,true
48,5,control,6,3,true
48,5,memory,3,0,true
48,5,memory-ablated,6,3,true
48,6,memory,3,0,true
48,6,control,7,4,true
48,6,memory-ablated,7,4,true
49,0,discovery,8,5,true
49,1,control,4,1,true
49,1,memory,3,0,true
49,1,memory-ablated,4,1,true
49,2,memory,3,0,true
49,2,control,8,5,true
49,2,memory-ablated,8,5,true
49,3,control,5,2,true
49,3,memory,3,0,true
49,3,memory-ablated,5,2,true
49,4,memory,3,0,true
49,4,control,8,5,true
49,4,memory-ablated,8,5,true
49,5,control,6,3,true
49,5,memory,3,0,true
49,5,memory-ablated,6,3,true
49,6,memory,3,0,true
49,6,control,8,5,true
49,6,memory-ablated,8,5,true
50,0,discovery,3,0,true
50,1,control,7,4,true
50,1,memory,3,0,true
50,1,memory-ablated,7,4,true
50,2,memory,3,0,true
50,2,control,5,2,true
50,2,memory-ablated,5,2,true
50,3,control,8,5,true
50,3,memory,3,0,true
50,3,memory-ablated,8,5,true
50,4,memory,3,0,true
50,4,control,5,2,true
50,4,memory-ablated,5,2,true
50,5,control,9,6,true
50,5,memory,3,0,true
50,5,memory-ablated,9,6,true
50,6,memory,3,0,true
50,6,control,3,0,true
50,6,memory-ablated,3,0,true
51,0,discovery,7,4,true
51,1,control,5,2,true
51,1,memory,3,0,true
51,1,memory-ablated,5,2,true
51,2,memory,3,0,true
51,2,control,7,4,true
51,2,memory-ablated,7,4,true
51,3,control,7,4,true
51,3,memory,3,0,true
51,3,memory-ablated,7,4,true
51,4,memory,3,0,true
51,4,control,9,6,true
51,4,memory-ablated,9,6,true
51,5,control,5,2,true
51,5,memory,3,0,true
51,5,memory-ablated,5,2,true
51,6,memory,3,0,true
51,6,control,7,4,true
51,6,memory-ablated,7,4,true
52,0,discovery,5,2,true
52,1,control,8,5,true
52,1,memory,3,0,true
52,1,memory-ablated,8,5,true
52,2,memory,3,0,true
52,2,control,6,3,true
52,2,memory-ablated,6,3,true
52,3,control,7,4,true
52,3,memory,3,0,true
52,3,memory-ablated,7,4,true
52,4,memory,3,0,true
52,4,control,5,2,true
52,4,memory-ablated,5,2,true
52,5,control,7,4,true
52,5,memory,3,0,true
52,5,memory-ablated,7,4,true
52,6,memory,3,0,true
52,6,control,5,2,true
52,6,memory-ablated,5,2,true
53,0,discovery,8,5,true
53,1,control,7,4,true
53,1,memory,3,0,true
53,1,memory-ablated,7,4,true
53,2,memory,3,0,true
53,2,control,5,2,true
53,2,memory-ablated,5,2,true
53,3,control,5,2,true
53,3,memory,3,0,true
53,3,memory-ablated,5,2,true
53,4,memory,3,0,true
53,4,control,4,1,true
53,4,memory-ablated,4,1,true
53,5,control,4,1,true
53,5,memory,3,0,true
53,5,memory-ablated,4,1,true
53,6,memory,3,0,true
53,6,control,5,2,true
53,6,memory-ablated,5,2,true
54,0,discovery,8,5,true
54,1,control,7,4,true
54,1,memory,3,0,true
54,1,memory-ablated,7,4,true
54,2,memory,3,0,true
54,2,control,7,4,true
54,2,memory-ablated,7,4,true
54,3,control,5,2,true
54,3,memory,3,0,true
54,3,memory-ablated,5,2,true
54,4,memory,3,0,true
54,4,control,6,3,true
54,4,memory-ablated,6,3,true
54,5,control,5,2,true
54,5,memory,3,0,true
54,5,memory-ablated,5,2,true
54,6,memory,3,0,true
54,6,control,4,1,true
54,6,memory-ablated,4,1,true
55,0,discovery,6,3,true
55,1,control,4,1,true
55,1,memory,3,0,true
55,1,memory-ablated,4,1,true
55,2,memory,3,0,true
55,2,control,3,0,true
55,2,memory-ablated,3,0,true
55,3,control,6,3,true
55,3,memory,3,0,true
55,3,memory-ablated,6,3,true
55,4,memory,3,0,true
55,4,control,3,0,true
55,4,memory-ablated,3,0,true
55,5,control,6,3,true
55,5,memory,3,0,true
55,5,memory-ablated,6,3,true
55,6,memory,3,0,true
55,6,control,4,1,true
55,6,memory-ablated,4,1,true
56,0,discovery,4,1,true
56,1,control,6,3,true
56,1,memory,3,0,true
56,1,memory-ablated,6,3,true
56,2,memory,3,0,true
56,2,control,6,3,true
56,2,memory-ablated,6,3,true
56,3,control,5,2,true
56,3,memory,3,0,true
56,3,memory-ablated,5,2,true
56,4,memory,3,0,true
56,4,control,6,3,true
56,4,memory-ablated,6,3,true
56,5,control,7,4,true
56,5,memory,3,0,true
56,5,memory-ablated,7,4,true
56,6,memory,3,0,true
56,6,control,8,5,true
56,6,memory-ablated,8,5,true
57,0,discovery,6,3,true
57,1,control,4,1,true
57,1,memory,3,0,true
57,1,memory-ablated,4,1,true
57,2,memory,3,0,true
57,2,control,5,2,true
57,2,memory-ablated,5,2,true
57,3,control,4,1,true
57,3,memory,3,0,true
57,3,memory-ablated,4,1,true
57,4,memory,3,0,true
57,4,control,5,2,true
57,4,memory-ablated,5,2,true
57,5,control,7,4,true
57,5,memory,3,0,true
57,5,memory-ablated,7,4,true
57,6,memory,3,0,true
57,6,control,6,3,true
57,6,memory-ablated,6,3,true
58,0,discovery,5,2,true
58,1,control,6,3,true
58,1,memory,3,0,true
58,1,memory-ablated,6,3,true
58,2,memory,3,0,true
58,2,control,6,3,true
58,2,memory-ablated,6,3,true
58,3,control,8,5,true
58,3,memory,3,0,true
58,3,memory-ablated,8,5,true
58,4,memory,3,0,true
58,4,control,8,5,true
58,4,memory-ablated,8,5,true
58,5,control,7,4,true
58,5,memory,3,0,true
58,5,memory-ablated,7,4,true
58,6,memory,3,0,true
58,6,control,6,3,true
58,6,memory-ablated,6,3,true
59,0,discovery,5,2,true
59,1,control,5,2,true
59,1,memory,3,0,true
59,1,memory-ablated,5,2,true
59,2,memory,3,0,true
59,2,control,7,4,true
59,2,memory-ablated,7,4,true
59,3,control,8,5,true
59,3,memory,3,0,true
59,3,memory-ablated,8,5,true
59,4,memory,3,0,true
59,4,control,7,4,true
59,4,memory-ablated,7,4,true
59,5,control,6,3,true
59,5,memory,3,0,true
59,5,memory-ablated,6,3,true
59,6,memory,3,0,true
59,6,control,5,2,true
59,6,memory-ablated,5,2,true
60,0,discovery,5,2,true
60,1,control,7,4,true
60,1,memory,3,0,true
60,1,memory-ablated,7,4,true
60,2,memory,3,0,true
60,2,control,7,4,true
60,2,memory-ablated,7,4,true
60,3,control,8,5,true
60,3,memory,3,0,true
60,3,memory-ablated,8,5,true
60,4,memory,3,0,true
60,4,control,6,3,true
60,4,memory-ablated,6,3,true
60,5,control,7,4,true
60,5,memory,3,0,true
60,5,memory-ablated,7,4,true
60,6,memory,3,0,true
60,6,control,6,3,true
60,6,memory-ablated,6,3,true
